<?xml version="1.0"?>
<Project Version="1" Minor="0">
	<BUILD_NUMBER Name="1071353"/>
	<FULL_BUILD Name="SW Build 1071353 on Tue Nov 18 18:29:27 MST 2014"/>
	<MODE Name="Post-Bitstream"/>
	<SYSTEMINFO BOARD="em.avnet.com:zed:part0:1.2" ARCH="zynq" PACKAGE="clg484" DEVICE="7z020" SPEED="-1" LUT="" FF="" BRAM="" DSP=""/>
	<HIERARCHY Name="design_1_i"/>
	<File Type="HW_HANDOFF" Name="design_1.hwh" ModTime="1431078560"/>
	<File Type="PS_FSBL_INIT" Name="ps7_init.c" ModTime="1431078560"/>
	<File Type="PS_FSBL_INIT" Name="ps7_init.h" ModTime="1431078560"/>
	<File Type="PS_FSBL_INIT_GPL" Name="ps7_init_gpl.c" ModTime="1431078560"/>
	<File Type="PS_FSBL_INIT_GPL" Name="ps7_init_gpl.h" ModTime="1431078560"/>
	<File Type="PS_XMD_INIT" Name="ps7_init.tcl" ModTime="1431078560"/>
	<File Type="PS_INIT_HELP" Name="ps7_init.html" ModTime="1431078560"/>
	<File Type="BIT" Name="design_1_wrapper.bit" ModTime="1431079050"/>
	<File Type="BD_TCL" Name="design_1_bd.tcl" ModTime="1431078560"/>
	<USEDRESOURCES LUT="" FF="" BRAM="" DSP=""/>
</Project>

