<?xml version="1.0" encoding="UTF-8"?>
<spirit:component xmlns:xilinx="http://www.xilinx.com"
		xmlns:spirit="http://www.spiritconsortium.org/XMLSchema/SPIRIT/1685-2009"
		xmlns:xsi="http://www.w3.org/2001/XMLSchema-instance">
	<spirit:vendor>arc.local</spirit:vendor>
	<spirit:library>user</spirit:library>
	<spirit:name>new_gNot</spirit:name>
	<spirit:version>1.0</spirit:version>
	<spirit:model>
		<spirit:views>
			<spirit:view>
				<spirit:name>xilinx_verilogsynthesis</spirit:name>
				<spirit:displayName>Verilog Synthesis</spirit:displayName>
				<spirit:envIdentifier>verilogSource:vivado.xilinx.com:synthesis</spirit:envIdentifier>
				<spirit:language>verilog</spirit:language>
				<spirit:modelName>new_gNot</spirit:modelName>
				<spirit:fileSetRef>
					<spirit:localName>xilinx_verilogsynthesis_view_fileset</spirit:localName>
				</spirit:fileSetRef>
			</spirit:view>
			<spirit:view>
				<spirit:name>xilinx_verilogbehavioralsimulation</spirit:name>
				<spirit:displayName>Verilog Simulation</spirit:displayName>
				<spirit:envIdentifier>verilogSource:vivado.xilinx.com:simulation</spirit:envIdentifier>
				<spirit:language>verilog</spirit:language>
				<spirit:modelName>new_gNot</spirit:modelName>
				<spirit:fileSetRef>
					<spirit:localName>xilinx_verilogbehavioralsimulation_view_fileset</spirit:localName>
				</spirit:fileSetRef>
			</spirit:view>
			<spirit:view>
				<spirit:name>xilinx_xpgui</spirit:name>
				<spirit:displayName>UI Layout</spirit:displayName>
				<spirit:envIdentifier>:vivado.xilinx.com:xgui.ui</spirit:envIdentifier>
				<spirit:fileSetRef>
					<spirit:localName>xilinx_xpgui_view_fileset</spirit:localName>
				</spirit:fileSetRef>
			</spirit:view>
		</spirit:views>
		<spirit:ports>
			<spirit:port>
				<spirit:name>a</spirit:name>
				<spirit:wire>
					<spirit:direction>in</spirit:direction>
					<spirit:wireTypeDefs>
						<spirit:wireTypeDef>
							<spirit:typeName>std_logic</spirit:typeName>
							<spirit:viewNameRef>xilinx_verilogsynthesis</spirit:viewNameRef>
							<spirit:viewNameRef>xilinx_verilogbehavioralsimulation</spirit:viewNameRef>
						</spirit:wireTypeDef>
					</spirit:wireTypeDefs>
				</spirit:wire>
			</spirit:port>
			<spirit:port>
				<spirit:name>not_a</spirit:name>
				<spirit:wire>
					<spirit:direction>out</spirit:direction>
					<spirit:wireTypeDefs>
						<spirit:wireTypeDef>
							<spirit:typeName>std_logic</spirit:typeName>
							<spirit:viewNameRef>xilinx_verilogsynthesis</spirit:viewNameRef>
							<spirit:viewNameRef>xilinx_verilogbehavioralsimulation</spirit:viewNameRef>
						</spirit:wireTypeDef>
					</spirit:wireTypeDefs>
				</spirit:wire>
			</spirit:port>
		</spirit:ports>
	</spirit:model>
	<spirit:fileSets>
		<spirit:fileSet>
			<spirit:name>xilinx_verilogsynthesis_view_fileset</spirit:name>
			<spirit:file>
				<spirit:name>new_gnot.v</spirit:name>
				<spirit:fileType>verilogSource</spirit:fileType>
				<spirit:userFileType>CHECKSUM_4a9851e2</spirit:userFileType>
			</spirit:file>
		</spirit:fileSet>
		<spirit:fileSet>
			<spirit:name>xilinx_verilogbehavioralsimulation_view_fileset</spirit:name>
			<spirit:file>
				<spirit:name>new_gnot.v</spirit:name>
				<spirit:fileType>verilogSource</spirit:fileType>
			</spirit:file>
		</spirit:fileSet>
		<spirit:fileSet>
			<spirit:name>xilinx_xpgui_view_fileset</spirit:name>
			<spirit:file>
				<spirit:name>xgui/new_gNot_v1_0.tcl</spirit:name>
				<spirit:fileType>tclSource</spirit:fileType>
				<spirit:userFileType>XGUI_VERSION_2</spirit:userFileType>
				<spirit:userFileType>CHECKSUM_f92e9879</spirit:userFileType>
			</spirit:file>
		</spirit:fileSet>
	</spirit:fileSets>
	<spirit:description>new_gNot_v1_0</spirit:description>
	<spirit:parameters>
		<spirit:parameter>
			<spirit:name>Component_Name</spirit:name>
			<spirit:value spirit:resolve="user"
					spirit:id="PARAM_VALUE.Component_Name"
					spirit:order="1">new_gNot_v1_0</spirit:value>
		</spirit:parameter>
	</spirit:parameters>
	<spirit:vendorExtensions>
		<xilinx:coreExtensions>
			<xilinx:supportedFamilies>
				<xilinx:family xilinx:lifeCycle="Production">zynq</xilinx:family>
			</xilinx:supportedFamilies>
			<xilinx:taxonomies>
				<xilinx:taxonomy>/BaseIP</xilinx:taxonomy>
			</xilinx:taxonomies>
			<xilinx:displayName>new_gNot_v1_0</xilinx:displayName>
			<xilinx:coreRevision>1</xilinx:coreRevision>
			<xilinx:coreCreationDateTime>2015-04-25T21:37:49Z</xilinx:coreCreationDateTime>
			<xilinx:tags>
				<xilinx:tag xilinx:name="nopcore"/>
			</xilinx:tags>
		</xilinx:coreExtensions>
		<xilinx:packagingInfo>
			<xilinx:xilinxVersion>2014.4</xilinx:xilinxVersion>
		</xilinx:packagingInfo>
	</spirit:vendorExtensions>
</spirit:component>
