<?xml version="1.0" encoding="UTF-8"?>
<GenRun Id="synth_2" LaunchPart="xc7z020clg484-1" LaunchTime="1439829094">
  <File Type="RUN-CONSTRS" Name="$PDATADIR/runs/synth_2/constrs_in.xml"/>
  <File Type="RDS-DCP" Name="design_1_wrapper.dcp"/>
  <File Type="RUN-SRCS" Name="$PDATADIR/runs/synth_2/sources.xml"/>
  <File Type="RDS-UTIL-PB" Name="design_1_wrapper_utilization_synth.pb"/>
  <File Type="RUN-STRAT" Name="$PDATADIR/runs/synth_2/synth_2.psg"/>
  <File Type="PA-TCL" Name="design_1_wrapper.tcl"/>
  <File Type="RDS-PROPCONSTRS" Name="design_1_wrapper_drc_synth.rpt"/>
  <File Type="RDS-RDS" Name="design_1_wrapper.vds"/>
  <File Type="RDS-UTIL" Name="design_1_wrapper_utilization_synth.rpt"/>
  <File Type="VDS-TIMINGSUMMARY" Name="design_1_wrapper_timing_summary_synth.rpt"/>
  <File Type="VDS-TIMING-PB" Name="design_1_wrapper_timing_summary_synth.pb"/>
  <File Type="VDS-HWDEF" Name="design_1_wrapper.hwdef"/>
  <FileSet Name="sources" Type="DesignSrcs" RelSrcDir="$PSRCDIR/sources_1">
    <Filter Type="Srcs"/>
    <File Path="$PSRCDIR/sources_1/bd/design_1/design_1.bd">
      <FileInfo>
        <Attr Name="ImportPath" Val="$PPRDIR/../../../PhD/Vivado_projects/parallella-hw/fpga/projects/HARMONIA_analog_monitoring/HARMONIA_analog_monitoring.srcs/sources_1/bd/design_1/design_1.bd"/>
        <Attr Name="ImportTime" Val="1439827292"/>
        <Attr Name="UsedIn" Val="synthesis"/>
        <Attr Name="UsedIn" Val="implementation"/>
        <Attr Name="UsedIn" Val="simulation"/>
      </FileInfo>
    </File>
    <File Path="$PSRCDIR/sources_1/bd/design_1/hdl/design_1_wrapper.v">
      <FileInfo>
        <Attr Name="ImportPath" Val="$PPRDIR/../../../PhD/Vivado_projects/parallella-hw/fpga/projects/HARMONIA_analog_monitoring/HARMONIA_analog_monitoring.srcs/sources_1/bd/design_1/hdl/design_1_wrapper.v"/>
        <Attr Name="ImportTime" Val="1439827291"/>
        <Attr Name="UsedIn" Val="synthesis"/>
        <Attr Name="UsedIn" Val="implementation"/>
        <Attr Name="UsedIn" Val="simulation"/>
      </FileInfo>
    </File>
    <File Path="$PSRCDIR/sources_1/imports/new/shift_reg_buffer.v">
      <FileInfo>
        <Attr Name="ImportPath" Val="$PPRDIR/../../../HARMONIA repo/code/SPI example/my_IP_core/my_IP_core.srcs/sources_1/new/shift_reg_buffer.v"/>
        <Attr Name="ImportTime" Val="1429651083"/>
        <Attr Name="UsedIn" Val="synthesis"/>
        <Attr Name="UsedIn" Val="implementation"/>
        <Attr Name="UsedIn" Val="simulation"/>
      </FileInfo>
    </File>
    <File Path="$PSRCDIR/sources_1/bd/design_1/ip/design_1_clk_divider_0_2/design_1_clk_divider_0_2.upgrade_log">
      <FileInfo>
        <Attr Name="ImportPath" Val="$PPRDIR/../../../PhD/Vivado_projects/parallella-hw/fpga/projects/HARMONIA_analog_monitoring/HARMONIA_analog_monitoring.srcs/sources_1/bd/design_1/ip/design_1_clk_divider_0_2/design_1_clk_divider_0_2.upgrade_log"/>
        <Attr Name="ImportTime" Val="1431031014"/>
      </FileInfo>
    </File>
    <File Path="$PSRCDIR/sources_1/bd/design_1/ip/design_1_stabilization_property_mon_0_2/design_1_stabilization_property_mon_0_2.upgrade_log">
      <FileInfo>
        <Attr Name="ImportPath" Val="$PPRDIR/../../../PhD/Vivado_projects/parallella-hw/fpga/projects/HARMONIA_analog_monitoring/HARMONIA_analog_monitoring.srcs/sources_1/bd/design_1/ip/design_1_stabilization_property_mon_0_2/design_1_stabilization_property_mon_0_2.upgrade_log"/>
        <Attr Name="ImportTime" Val="1439827214"/>
      </FileInfo>
    </File>
    <Config>
      <Option Name="DesignMode" Val="RTL"/>
      <Option Name="TopModule" Val="design_1_wrapper"/>
      <Option Name="TopAutoSet" Val="TRUE"/>
    </Config>
  </FileSet>
  <FileSet Name="constrs_in" Type="Constrs" RelSrcDir="$PSRCDIR/constrs_1">
    <Filter Type="Constrs"/>
    <File Path="$PSRCDIR/constrs_1/new/XadcDrpCons.xdc">
      <FileInfo>
        <Attr Name="ImportPath" Val="$PPRDIR/../../../PhD/Vivado_projects/parallella-hw/fpga/projects/HARMONIA_analog_monitoring/HARMONIA_analog_monitoring.srcs/constrs_1/new/XadcDrpCons.xdc"/>
        <Attr Name="ImportTime" Val="1439829094"/>
        <Attr Name="UsedIn" Val="synthesis"/>
        <Attr Name="UsedIn" Val="implementation"/>
      </FileInfo>
    </File>
    <Config>
      <Option Name="TargetConstrsFile" Val="$PSRCDIR/constrs_1/new/XadcDrpCons.xdc"/>
      <Option Name="ConstrsType" Val="XDC"/>
    </Config>
  </FileSet>
  <Strategy Version="1" Minor="2">
    <StratHandle Name="uderRAM" Flow="Vivado Synthesis 2014"/>
    <Step Id="synth_design"/>
  </Strategy>
</GenRun>
